{"cameraMode":{"drawMode":0,"name":"Shaded","section":"Shading Mode"},"sceneLighting":true,"audioPlay":false,"sceneViewState":{"showFog":true,"showMaterialUpdate":false,"showSkybox":false,"showFlares":true,"showImageEffects":true,"showParticleSystems":true},"in2DMode":false,"pivot":{"x":9.076424598693848,"y":4.706887245178223,"z":1.1192463636398316},"rotation":{"x":0.005685850512236357,"y":0.0425843745470047,"z":0.00024909793864935637,"w":-0.9990910887718201},"size":1.5209717750549317,"orthographic":false}